{"stats":{"minecraft:killed_by":{"mowziesmobs:naga":2,"minecraft:husk":1,"minecraft:player":2,"enemyexpansion:propeller":1,"minecraft:skeleton":1,"minecraft:zombie":2},"minecraft:dropped":{"byg:biomepedia":1,"minecraft:stone_axe":1,"mysticalworld:silkworm_egg":2,"alexsmobs:animal_dictionary":1,"minecraft:rotten_flesh":2,"minecraft:jungle_planks":11,"minecraft:stick":13,"byg:rocky_stone":9,"minecraft:wooden_pickaxe":1,"byg:dacite_cobblestone":1,"dtbyg:jacaranda_seed":1},"minecraft:crafted":{"minecraft:crafting_table":1,"minecraft:wooden_pickaxe":1,"minecraft:stone_axe":1,"minecraft:jungle_planks":20,"minecraft:stick":9,"minecraft:stone_pickaxe":1},"minecraft:custom":{"minecraft:mob_kills":4,"minecraft:interact_with_crafting_table":7,"minecraft:open_barrel":1,"minecraft:leave_game":2,"minecraft:time_since_death":11870,"minecraft:time_since_rest":11915,"minecraft:sprint_one_cm":56922,"minecraft:damage_taken":3182,"minecraft:walk_one_cm":84208,"minecraft:drop":12,"minecraft:damage_dealt":731,"minecraft:swim_one_cm":17517,"minecraft:player_kills":1,"minecraft:fly_one_cm":104292,"minecraft:open_chest":2,"minecraft:crouch_one_cm":508,"minecraft:play_time":54595,"tombstone:undead_killed":1,"minecraft:deaths":9,"minecraft:sneak_time":264,"minecraft:walk_under_water_one_cm":4564,"minecraft:boat_one_cm":77159,"minecraft:jump":658,"minecraft:walk_on_water_one_cm":14744,"minecraft:total_world_time":54595,"minecraft:fall_one_cm":11295},"minecraft:picked_up":{"minecraft:crafting_table":3,"minecraft:iron_chestplate":1,"minecraft:feather":2,"minecraft:chicken":1,"minecraft:leather_leggings":1,"minecraft:jungle_wood":7,"minecraft:wooden_pickaxe":1,"minecraft:gunpowder":15,"byg:dacite_cobblestone":40,"byg:white_sand":3,"minecraft:dirt":10,"minecraft:string":1,"minecraft:name_tag":4,"minecraft:iron_leggings":1,"minecraft:wheat_seeds":4,"minecraft:cobbled_deepslate":2,"minecraft:iron_ingot":10,"minecraft:stone_pickaxe":3,"minecraft:bamboo":32,"byg:jacaranda_log":59,"minecraft:melon_slice":83,"minecraft:stick":51,"botania:mana_bottle":2,"untamedwilds:flora_bush_temperate":2,"minecraft:gravel":1,"mysticalworld:silkworm_egg":15,"minecraft:jungle_planks":4,"tombstone:grave_dust":13,"dtbyg:indigo_jacaranda_seed":2,"minecraft:spider_eye":1,"alexsmobs:animal_dictionary":1,"hexerei:sage_seed":2,"byg:biomepedia":1,"create:crimsite":3,"minecraft:rotten_flesh":8,"minecraft:stone_axe":1,"dynamictrees:jungle_seed":2,"byg:rocky_stone":9,"dtbyg:jacaranda_seed":7,"minecraft:cobblestone":23},"minecraft:killed":{"alexsmobs:anteater":1,"minecraft:spider":1,"minecraft:zombie":1,"enemyexpansion:rooster":1},"minecraft:mined":{"byg:white_sand":1,"alexsmobs:leafcutter_anthill":1,"minecraft:crafting_table":1,"untamedwilds:flora_bush_temperate":1,"minecraft:melon":7,"minecraft:jungle_wood":5,"dynamictrees:oak_undergrowth_leaves":1,"byg:dacite_cobblestone":44,"minecraft:grass":10,"minecraft:gravel":1,"byg:rocky_stone":9,"minecraft:bamboo":2,"minecraft:stone":9,"create:crimsite":3,"minecraft:deepslate":2,"minecraft:fern":5,"byg:dacite":4},"minecraft:used":{"minecraft:stone_pickaxe":55,"create:crimsite":3,"minecraft:wooden_pickaxe":18,"minecraft:rotten_flesh":2,"minecraft:iron_chestplate":1,"minecraft:crafting_table":2,"minecraft:chicken":1,"minecraft:melon_slice":19,"minecraft:stone_axe":17,"minecraft:cobblestone":2,"byg:dacite_cobblestone":7,"tombstone:gift":1,"minecraft:cobbled_deepslate":2,"minecraft:iron_leggings":1}},"DataVersion":2975}