{"stats":{"minecraft:killed":{"minecraft:husk":2,"alexsmobs:capuchin_monkey":3,"creeperoverhaul:bamboo_creeper":1},"minecraft:mined":{"byg:dacite":7,"dynamictrees:oak_undergrowth_leaves":4,"byg:dacite_cobblestone":2,"byg:jacaranda_planks":4,"minecraft:crafting_table":2,"minecraft:grass":4,"minecraft:grass_block":5,"minecraft:melon":2,"minecraft:stone":6,"minecraft:sugar_cane":2,"minecraft:fern":2},"minecraft:dropped":{"minecraft:glass_bottle":5},"minecraft:killed_by":{"minecraft:husk":1,"minecraft:player":1,"enemyexpansion:propeller":1,"mowziesmobs:foliaath":1,"minecraft:zombie":1,"enemyexpansion:huntsmanskeleton":1,"mowziesmobs:naga":1},"minecraft:picked_up":{"minecraft:stick":33,"minecraft:crafting_table":2,"minecraft:jungle_log":31,"botania:mana_bottle":5,"minecraft:wooden_pickaxe":2,"byg:jacaranda_planks":75,"minecraft:jungle_planks":11,"mysticalworld:silkworm_egg":14,"minecraft:gunpowder":14,"byg:dacite_cobblestone":51,"minecraft:dirt":5,"alexsmobs:animal_dictionary":3,"minecraft:name_tag":6,"byg:biomepedia":3,"minecraft:rotten_flesh":4,"minecraft:stone_axe":2,"minecraft:wheat_seeds":5,"dynamictrees:cocoa_seed":1,"minecraft:glass_bottle":3,"minecraft:bamboo":2,"minecraft:melon_slice":10,"byg:jacaranda_log":12,"minecraft:sugar_cane":9,"byg:rocky_stone":9,"minecraft:cobblestone":6,"dtbyg:jacaranda_seed":2},"minecraft:used":{"minecraft:stone_pickaxe":4,"carryon:entity_item":4,"dtbyg:jacaranda_seed":1,"minecraft:wooden_pickaxe":11,"byg:rocky_stone":8,"minecraft:rotten_flesh":2,"minecraft:jungle_boat":1,"minecraft:stone_axe":37,"minecraft:crafting_table":3,"tombstone:gift":1,"byg:jacaranda_planks":12},"minecraft:custom":{"minecraft:time_since_rest":8418,"minecraft:sprint_one_cm":59954,"minecraft:damage_taken":2491,"minecraft:walk_one_cm":80500,"minecraft:mob_kills":6,"minecraft:drop":4,"minecraft:damage_dealt":1246,"minecraft:interact_with_crafting_table":7,"minecraft:swim_one_cm":16345,"minecraft:fly_one_cm":66909,"minecraft:player_kills":2,"minecraft:open_barrel":1,"minecraft:open_chest":2,"minecraft:crouch_one_cm":2296,"minecraft:play_time":60768,"tombstone:undead_killed":2,"minecraft:deaths":7,"minecraft:sneak_time":1359,"minecraft:walk_under_water_one_cm":16063,"minecraft:boat_one_cm":121257,"minecraft:jump":515,"minecraft:leave_game":1,"minecraft:walk_on_water_one_cm":17669,"minecraft:time_since_death":8391,"minecraft:total_world_time":60768,"minecraft:fall_one_cm":4001},"minecraft:crafted":{"byg:jacaranda_planks":48,"minecraft:crafting_table":2,"minecraft:jungle_boat":1,"minecraft:stick":4,"minecraft:wooden_pickaxe":1,"minecraft:stone_pickaxe":2,"minecraft:stone_axe":2,"minecraft:jungle_planks":124}},"DataVersion":2975}